uid	Health	acquariumType	age	alive	ancestors	birth	color	deathNum	distanceToClosestFood	fishInVision	foodInVision	generation	hitbox	lastDistanceToClosestFood	lenX	lenY	lookingBounds	moveSpeed	parent	showVision	uid	visionValueFront	visionValueLeft	visionValueRight	x	y
12505	250	Fish	1502.2591080050915	False		227938.807482821	(37, 102, 107)	1500.0	30.0	[]	[1150, 61609, 60746, 50882, 37597, 13936, 38150, 35606, 13303, 2932, 2159, 8143, 16284, 29965, 40455, 7605, 33791, 30988, 47586, 52783, 16818, 4536, 29957, 17771, 46949, 32617, 33475, 57628, 45739, 62448, 20342, 8291, 5325, 42496, 55713, 24707, 58681, 22052, 1602, 5952, 16610, 61841, 55573, 21929, 35128, 58601, 15573, 52204, 51771, 50345, 38522, 45561, 34872, 17138]	1	(878, 705, 60, 60)	30.0	60	60	(818, 645, 998, 825)	3		True	12505	60	10	10	874	736
