uid	Health	acquariumType	age	alive	ancestors	birth	color	deathNum	distanceToClosestFood	fishInVision	foodInVision	generation	hitbox	lastDistanceToClosestFood	lenX	lenY	lookingBounds	moveSpeed	parent	showVision	uid	visionValueFront	visionValueLeft	visionValueRight	x	y
15156	150	Fish	6005.116627988173	False		227299.539945478	(212, 23, 157)	6000.0	66.007575322837	[]	[27794, 44756, 60513, 4764, 30822, 38076, 30238, 61463, 5882, 1941, 32833, 58179, 37149, 5821, 36576, 16581, 52356, 6154, 25054, 29804, 37263, 36185, 53215, 36525, 28226, 58504, 19446, 57825, 28639, 34304, 37535, 5438, 16434, 57155, 52447, 48754]	1	(324, 506, 60, 60)	66.007575322837	60	60	(264, 446, 444, 626)	3		True	15156	60	10	10	315	386
